id;user_profile_name;email;is_report_sharing_enabled;is_active
1;to pursue;Zella_Stamm95@gmail.com;fleck breakable suede;loving
2;cart;Pink_Considine55@hotmail.com;fog;practitioner mmm slimy
3;but;Natasha70@hotmail.com;ripple advice;throughout
4;front though;Marcos_Kris18@gmail.com;underpin;marginalize ostracise
5;woot;Milo.Rutherford@yahoo.com;imperfect concentrate excite;why revenue regularly
6;than instantly even;Adolph3@hotmail.com;honest aw aha;afoul
7;happily;Price_Hoeger61@gmail.com;instead eminent youthfully;duh
8;eventually proselytize;Abdul.Harvey@yahoo.com;scarcely;dicker
9;geez while polish;Leonel62@yahoo.com;astride ziggurat cleverly;easy unbearably worrisome
10;spotted;Wendell_Gutmann@gmail.com;loop alpenglow beside;deceivingly and bah
