id;login_name;password;street_address;city;state;country;zipcode;phone_number;email;is_active
1;vicious;ouch yahoo wage;besides utilized forsake;Isaitown;wearily denationalize;Tunisia;lurk inferior;20381;Shayna_Goldner19@yahoo.com;chunter for
2;round;edible indeed if;including;Braedenchester;knotty mythology standpoint;Hungary;fry um;8036;Christa_Wiegand31@gmail.com;quickly
3;duh giant;whenever;transplant once cosset;Port Branson;lost;Uzbekistan;teleconference aboard;8380;Paige.Friesen@gmail.com;aside swivel tenderize
4;gosh quickly;whoever hence yoga;promptly apostrophise scary;Nickhaven;astride;Mali;institutionalize;24944;Savion_Osinski41@hotmail.com;bashfully
5;under;before;immense;Cooperchester;to buttery;Colombia;scared courteous yuck;11495;Seamus52@gmail.com;drat superficial since
6;of upon;next;outfielder;Allen;phooey broadly;French Polynesia;immaterial;19498;Kylee20@yahoo.com;brr storyboard
7;antibody;furthermore terribly;upon bathe;Isaiahstad;well-groomed phooey fast;Uzbekistan;hospitable excepting;9670;Kathleen.Mosciski48@gmail.com;fooey
8;forenenst abandoned;approve;orchestra before peninsula;West Regan;poise except slim;Mali;more remediate bury;29243;Lucienne_White9@yahoo.com;whose
9;boohoo alcohol gah;people on until;bunt woot apud;North Estell;for underneath factor;Benin;subcomponent precious old;4663;Aniyah2@gmail.com;yuck
10;which leadership;solemnise hmph since;outside;Brycefurt;granular after robust;Israel;slim courage;30182;Ryan_Schuster@hotmail.com;stable
